<?xml version="1.0" encoding="UTF-8" standalone="yes"?>
<addon id="repository.sin.barreras" name="[COLOR orange]sin.barreras[/COLOR] Repo" version="1.0.0" provider-name="sinbarreras">
    <extension point="xbmc.addon.repository" name="sin barreras ">
        <info>https://raw.githubusercontent.com/sinbarreras/sin-barreras/master/Repositorio/addons.xml</info>
        <checksum>https://raw.githubusercontent.com/sinbarreras/sin-barreras/master/Repositorio/addons.xml.md5</checksum>
        <datadir zip="true">https://raw.githubusercontent.com/sinbarreras/sin-barreras/master/Repositorio/</datadir>
    </extension>
    <extension point="xbmc.addon.metadata">
        <summary>Repositorio para el addon sin barreras</summary>
        <description></description>
        <disclaimer></disclaimer>
        <platform>all</platform>
    </extension>
</addon>
